{"cameraMode":{"drawMode":0,"name":"Shaded","section":"Shading Mode"},"sceneLighting":true,"audioPlay":false,"sceneViewState":{"m_AlwaysRefresh":false,"showFog":true,"showSkybox":true,"showFlares":true,"showImageEffects":true,"showParticleSystems":true,"showVisualEffectGraphs":true,"m_FxEnabled":true},"in2DMode":false,"pivot":{"x":-0.02949187159538269,"y":0.10078047960996628,"z":0.18801480531692506},"rotation":{"x":0.38605815172195437,"y":-0.5461624264717102,"z":0.31267914175987246,"w":0.6744835376739502},"size":0.698754608631134,"orthographic":true}